insert into zoo_architect.roles (id, name)
values (1, 'USER'),
       (2, 'ADMIN');

insert into zoo_architect.animals (id, description, imageurl, name, habitat_id)
values  (1, 'Amur leopards love climbing, exploring, and playing with new things, and have a keen appreciation for scents.', 'https://zoo.sandiegozoo.org/sites/default/files/styles/landing_page_view_thumbnail/public/teaser_image/amur_leopard_thumb.jpg?h=0894a192&itok=jnJF_s59', 'Amur Leopard', 1),
        (2, 'A member of the boa family, South America’s green anaconda is the heaviest snake in the world.', 'https://zoo.sandiegozoo.org/sites/default/files/styles/landing_page_view_thumbnail/public/teaser_image/anaconda_thumb.jpg?h=0894a192&itok=A6JegT9_', 'Anaconda', null),
        (3, 'Sometimes called the "pig deer" because of adult males'' unusual tusks, babirusas live in wetlands and swamps within the rainforests of Indonesia''s islands of Sulawesi, Togian, Sula, and Buru.', 'https://zoo.sandiegozoo.org/sites/default/files/styles/landing_page_view_thumbnail/public/teaser_image/baberusa_thumb.jpg?h=0894a192&itok=Vts4Gezz', 'Babirusa', null),
        (4, 'The aptly named bee-eater bird is a skilled hunter, capable of catching a bee in flight, then heading to a tree branch to stun it and remove the stinger before eating it.', 'https://zoo.sandiegozoo.org/sites/default/files/styles/landing_page_view_thumbnail/public/teaser_image/bee-eater_thumb.jpg?h=0894a192&itok=kH3T2Ot8', 'Bee-eater', null),
        (5, 'Male black-headed weavers build intricate hanging nests from strips of leaves, in hopes of attracting a female.', 'https://zoo.sandiegozoo.org/sites/default/files/styles/landing_page_view_thumbnail/public/teaser_image/bhw_thumb.jpg?h=0894a192&itok=VJiHMjEK', 'Black-headed Weaver', 5),
        (6, 'Bonobos are quite possibly the most intelligent primates on Earth (other than us, of course!)—and the San Diego Zoo was one of the first zoos to bring attention to these highly endangered primates.', 'https://zoo.sandiegozoo.org/sites/default/files/styles/landing_page_view_thumbnail/public/teaser_image/bonobo_thumb.jpg?h=0894a192&itok=zPXqDcB8', 'Bonobo', null),
        (7, 'When they fly, California condors are a sight to behold. Their huge wings catch thermal air currents that rise up as the sun heats the ground—and with those wings, they can stay aloft for hours.', 'https://zoo.sandiegozoo.org/sites/default/files/styles/landing_page_view_thumbnail/public/teaser_image/condor_thumb.jpg?h=0894a192&itok=I-rXLSep', 'California Condor', 1),
        (8, 'Camels can travel as fast as horses, but can also endure legendary periods of time without food or water.', 'https://zoo.sandiegozoo.org/sites/default/files/styles/landing_page_view_thumbnail/public/teaser_image/camel_thumb.jpg?h=0894a192&itok=YqLy92ws', 'Camel', 3),
        (9, 'Meet the capybara, the largest rodent in the world.', 'https://zoo.sandiegozoo.org/sites/default/files/styles/landing_page_view_thumbnail/public/teaser_image/capybara_thumb.jpg?h=0894a192&itok=2mJ2rqJ_', 'Capybara', null),
        (10, 'Cheetahs are the world''s fastest land animal—capable of reaching speeds up to 70 miles per hour!', 'https://zoo.sandiegozoo.org/sites/default/files/styles/landing_page_view_thumbnail/public/teaser_image/cheetah_thumb.jpg?h=0894a192&itok=c0GpP9Ie', 'Cheetah', null),
        (11, 'From nose to tail, belly to back, hard scales protect this petite alligator. Even their eyelids have bony plates under the skin!', 'https://zoo.sandiegozoo.org/sites/default/files/styles/landing_page_view_thumbnail/public/teaser_image/chinese_alligator_thumb.jpg?h=0894a192&itok=18M6J4aO', 'Chinese Alligator', 6),
        (12, 'Named for its cloud-like spots, the clouded leopard is a unique genus of cat and not just a type of leopard.', 'https://zoo.sandiegozoo.org/sites/default/files/styles/landing_page_view_thumbnail/public/teaser_image/clouded_leopard_thumb.jpg?h=0894a192&itok=t__hzxuO', 'Clouded Leopard', null),
        (13, 'Dung beetles come in a variety of colors, from dull and glossy black to metallic green and red. Ancient Egyptians thought very highly of the dung beetle, also known as the scarab.', 'https://zoo.sandiegozoo.org/sites/default/files/styles/landing_page_view_thumbnail/public/teaser_image/dung_beetle_thumb.jpg?h=0894a192&itok=p1llkkEL', 'Dung Beetle', null),
        (14, 'African elephants have very large ears that are shaped like the continent of Africa, while Asian elephants have smaller ears. ', 'https://zoo.sandiegozoo.org/sites/default/files/styles/landing_page_view_thumbnail/public/teaser_image/elephant_thumb.jpg?h=0894a192&itok=ziIiS2XK', 'Elephant', 1),
        (15, 'Found only on the forested island habitat of Madagascar, fossas may look a little like both cats and dogs, but they are actually more closely related to the mongoose.', 'https://zoo.sandiegozoo.org/sites/default/files/styles/landing_page_view_thumbnail/public/teaser_image/fossa_thumb.jpg?h=0894a192&itok=OV0pXG62', 'Fossa', null),
        (16, 'Several of our Galápagos tortoises have been with us since 1928, making them the oldest residents in the Zoo. We estimate their age to be well over 100. ', 'https://zoo.sandiegozoo.org/sites/default/files/styles/landing_page_view_thumbnail/public/teaser_image/galapagos_thumb.jpg?h=0894a192&itok=f8SQilju', 'Galápagos Tortoise', null),
        (17, 'Found only in the mountains of Ethiopia, geladas are considered the most terrestrial primate species, and they are the only primate with a diet made up mostly of grasses.', 'https://zoo.sandiegozoo.org/sites/default/files/styles/landing_page_view_thumbnail/public/teaser_image/gelada_thumb.jpg?h=0894a192&itok=BMb__9cz', 'Gelada', null),
        (18, 'Giraffes are distinguished by their coat patterns, and by where they live in Africa. At the Zoo''s Urban Jungle, you can see Masai giraffes.', 'https://zoo.sandiegozoo.org/sites/default/files/styles/landing_page_view_thumbnail/public/teaser_image/giraffe_thumb.jpg?h=0894a192&itok=QkpxKA-g', 'Giraffe', null),
        (19, 'Brown bears in interior North America are known as grizzly bears, because their brown fur is tipped with white or tan; the word grizzly means sprinkled or streaked with gray.', 'https://zoo.sandiegozoo.org/sites/default/files/styles/landing_page_view_thumbnail/public/teaser_image/grizzly_thumb.jpg?h=0894a192&itok=UOoIEQwr', 'Grizzly Bear', null),
        (20, 'Hamadryas baboons can scale sheer cliff faces to reach their favorite craggy ledges—and there is constant activity as they vocalize, groom each other, bound into trees, and chase each other around.', 'https://zoo.sandiegozoo.org/sites/default/files/styles/landing_page_view_thumbnail/public/teaser_image/baboon_thumb.jpg?h=0894a192&itok=O936TxCN', 'Hamadryas Baboon', null),
        (21, 'The harpy eagle is legendary, although few people have seen one in the wild. Fortunately, you can view one here at the Zoo!', 'https://zoo.sandiegozoo.org/sites/default/files/styles/landing_page_view_thumbnail/public/teaser_image/harpay_thumb.jpg?h=0894a192&itok=NPUruJ1u', 'Harpy Eagle', 5),
        (22, 'With their eyes, ears, and nostrils on the top of the head, hippos can hear, see, and breathe while most of their body is underwater.', 'https://zoo.sandiegozoo.org/sites/default/files/styles/landing_page_view_thumbnail/public/teaser_image/hippo_thumb.jpg?h=0894a192&itok=M_h0D08p', 'Hippo', null),
        (23, 'Jaguars are built for life in the tropical rainforest, with muscular limbs and large paws to climb trees, pad along the forest floor, and even swim in rivers and streams.', 'https://zoo.sandiegozoo.org/sites/default/files/styles/landing_page_view_thumbnail/public/teaser_image/jaguar_thumb.jpg?h=0894a192&itok=eMS7oE20', 'Jaguar', null),
        (24, 'The largest venomous snake in the world, the king cobra has special muscles and ribs in its neck that spread out to form a "hood" when it feels threatened.', 'https://zoo.sandiegozoo.org/sites/default/files/styles/landing_page_view_thumbnail/public/teaser_image/king_cobra_thumb.jpg?h=0894a192&itok=xQS3W8dG', 'King Cobra', null),
        (25, 'Standing less than 2 feet tall at the shoulder, klipspringers can jump 10 to 15 feet straight up in the air!', 'https://zoo.sandiegozoo.org/sites/default/files/styles/landing_page_view_thumbnail/public/teaser_image/klipspringer_thumb.jpg?h=0894a192&itok=4f5i240P', 'Klipspringer', null),
        (26, 'The San Diego Zoo has the largest koala colony—as well as the most successful koala breeding program—outside of Australia.', 'https://zoo.sandiegozoo.org/sites/default/files/styles/landing_page_view_thumbnail/public/teaser_image/koala_thumb.jpg?h=0894a192&itok=OXHHQVz_', 'Koala', null),
        (27, 'There are over 3,000 lizard species, but the Komodo dragon wins the prize for being the largest living lizard in the world!', 'https://zoo.sandiegozoo.org/sites/default/files/styles/landing_page_view_thumbnail/public/teaser_image/komodo_thumb.jpg?h=0894a192&itok=ajW53Zb1', 'Komodo Dragon', null),
        (28, 'Known as the bushman’s alarm clock, a laughing kookaburra vocalizes in its family group at dawn and dusk—with a loud call that sounds like a variety of trills, chortles, belly laughs, and hoots.', 'https://zoo.sandiegozoo.org/sites/default/files/styles/landing_page_view_thumbnail/public/teaser_image/kookaburra_thumb.jpg?h=0894a192&itok=TdrDom_D', 'Laughing Kookaburra', null),
        (29, 'Found in only one area on Earth—Madagascar and the nearby Comoro Islands—lemurs are considered the world’s most endangered group of mammals.', 'https://zoo.sandiegozoo.org/sites/default/files/styles/landing_page_view_thumbnail/public/teaser_image/lemur_thumb.jpg?h=0894a192&itok=xszue3fr', 'Lemur', null),
        (30, 'Lions are famous for their sonorous roar but have other forms of communication as well, mostly used to mark territory. They spread their scent by rubbing their muzzle on tufts of grass or shrubs, and they rake the earth with their hind paws.', 'https://zoo.sandiegozoo.org/sites/default/files/styles/landing_page_view_thumbnail/public/teaser_image/lion_thumb.jpg?h=0894a192&itok=ZDyNnpiu', 'Lion', null),
        (31, 'Mang Mountain pit vipers are strikingly beautiful snakes with green scales to help them blend into their bamboo habitat.', 'https://zoo.sandiegozoo.org/sites/default/files/styles/landing_page_view_thumbnail/public/teaser_image/mang_thumb.jpg?h=0894a192&itok=jw6ookOf', 'Mang Mountain Viper', null),
        (32, 'Meerkats live in underground burrows in a group—up to 30 individuals—called a gang or a mob, and they spend much of their time grooming and playing together to keep the family as a tight unit.', 'https://zoo.sandiegozoo.org/sites/default/files/styles/landing_page_view_thumbnail/public/teaser_image/meerkat_thumb.jpg?h=0894a192&itok=Oei3sSH0', 'Meerkat', null),
        (33, 'San Diego Zoo guests can encounter some of the most rare and endangered monkeys on Earth in the Zoo’s Lost Forest.', 'https://zoo.sandiegozoo.org/sites/default/files/styles/landing_page_view_thumbnail/public/teaser_image/monkey_thumb.jpg?h=0894a192&itok=HsGmzckb', 'Monkey', null),
        (34, 'Mountain lions are the stealthiest of cats, hunting prey two to three times their own size.', 'https://zoo.sandiegozoo.org/sites/default/files/styles/landing_page_view_thumbnail/public/teaser_image/mountain_lion_thumb.jpg?h=0894a192&itok=q7y4reii', 'Mountain Lion', null),
        (35, 'Capable of reaching speeds of 15 miles per hour when swimming after prey (schooling fish, like sardines and anchovies), penguins also have staying power—they can remain underwater for more than two minutes!', 'https://zoo.sandiegozoo.org/sites/default/files/styles/landing_page_view_thumbnail/public/teaser_image/penguin_thumb.jpg?h=0894a192&itok=P7qS2S3f', 'Penguin', 2),
        (36, 'Polar bears are right at home at the San Diego Zoo''s Conrad Prebys Polar Bear Plunge, where every day is an Arctic summer day.', 'https://zoo.sandiegozoo.org/sites/default/files/styles/landing_page_view_thumbnail/public/teaser_image/polar_thumb.jpg?h=0894a192&itok=fAt6S12D', 'Polar Bear', null),
        (37, 'At first glance, the pygmy hippo looks like a mini version of its larger relative, the river or common hippopotamus. But the pygmy hippo is much less aquatic than its cousin.', 'https://zoo.sandiegozoo.org/sites/default/files/styles/landing_page_view_thumbnail/public/teaser_image/pigmy_hippo_thumb.jpg?h=0894a192&itok=dSEg3Kww', 'Pygmy Hippopotamus', null),
        (38, 'That famous rattle at the end of a rattlesnake’s tail is made of interlocking rings, or segments of keratin—the same material our fingernails are made of.', 'https://zoo.sandiegozoo.org/sites/default/files/styles/landing_page_view_thumbnail/public/teaser_image/rattlesnake_thumb.jpg?h=0894a192&itok=qJhHkZFQ', 'Rattlesnake', null),
        (39, 'The red panda’s reddish coat and white face mask offer camouflage among the red moss and white lichen that cover the trees of its bamboo forest home.', 'https://zoo.sandiegozoo.org/sites/default/files/styles/landing_page_view_thumbnail/public/teaser_image/red_panda_thumb.jpg?h=0894a192&itok=ekCQywDC', 'Red Panda', null),
        (40, 'Rhinos may look tough, but their skin is actually quite sensitive. That''s why they like to wallow in mud—it puts a layer between their skin and the sun, and insects.', 'https://zoo.sandiegozoo.org/sites/default/files/styles/landing_page_view_thumbnail/public/teaser_image/rhino_thumb.jpg?h=0894a192&itok=UN0kMZLM', 'Rhinoceros', null),
        (41, 'Long limbs give servals the ability to leap nine feet—straight up—to catch birds in midair, or reach deep into a rodent burrow to pull out prey.', 'https://zoo.sandiegozoo.org/sites/default/files/styles/landing_page_view_thumbnail/public/teaser_image/serval_thumb.jpg?h=0894a192&itok=6UKqDXqM', 'Serval', null),
        (42, 'Snow leopards live in Asia at very high elevations, where there are steep cliffs. The wild goats and sheep they prey on are quite nimble at leaping from rock to rock—and so are snow leopards!', 'https://zoo.sandiegozoo.org/sites/default/files/styles/landing_page_view_thumbnail/public/teaser_image/snow_loepard_thumb.jpg?h=0894a192&itok=w095DV1e', 'Snow Leopard', null),
        (43, 'Sun bears, named for the golden crescent on their chest, are extremely agile tree climbers and make excellent use of their habitat''s climbing structures.', 'https://zoo.sandiegozoo.org/sites/default/files/styles/landing_page_view_thumbnail/public/teaser_image/sun_bear_thumb.jpg?h=0894a192&itok=8JIKwL3n', 'Sun Bear', 4),
        (44, 'Gold-colored takins seem to have the horns of a wildebeest, the nose of a moose, and the body of a bison! But takins are related to sheep and wild goats.', 'https://zoo.sandiegozoo.org/sites/default/files/styles/landing_page_view_thumbnail/public/teaser_image/takin_thumb.jpg?h=0894a192&itok=h0nTYwLr', 'Takin', null),
        (45, 'Most closely related to horses and rhinos, tapirs have a nose and upper lip combined into a flexible snout like an elephant’s trunk, which they use to reach and pull plant material into their mouth.', 'https://zoo.sandiegozoo.org/sites/default/files/styles/landing_page_view_thumbnail/public/teaser_image/tapir_thumb.jpg?h=0894a192&itok=hlQyEKSI', 'Tapir', null),
        (46, 'When a group of Tasmanian devils feeds together, harsh screeching and spine-chilling screams can often be heard—which may have led to their unusual name.', 'https://zoo.sandiegozoo.org/sites/default/files/styles/landing_page_view_thumbnail/public/teaser_image/tas_thumb.jpg?h=0894a192&itok=e-A8bxud', 'Tasmanian Devil', null),
        (47, 'Turtles spend most of their life in the water; terrapins spend time both on land and in water, but always live near water, along rivers, ponds, and lakes.', 'https://zoo.sandiegozoo.org/sites/default/files/styles/landing_page_view_thumbnail/public/teaser_image/turtle_thumb.jpg?h=0894a192&itok=Pa0CSspW', 'Turtle and Terrapin', 6),
        (48, 'At the Zoo, guests can occasionally see our two-toed sloth wildlife ambassadors making special appearances. ', 'https://zoo.sandiegozoo.org/sites/default/files/styles/landing_page_view_thumbnail/public/teaser_image/sloth_thumb.jpg?h=0894a192&itok=sBG3aN1k', 'Two-toed Sloth', 8),
        (49, 'These vocal and clever monkeys communicate with calls as well as body language. ', 'https://zoo.sandiegozoo.org/sites/default/files/styles/landing_page_view_thumbnail/public/teaser_image/vervet_thumb.jpg?h=0894a192&itok=V5NH0O-4', 'Vervet Monkey', null),
        (50, 'The endangered Grevy''s zebra is the largest of the three zebra species. It can weigh almost 1,000 pounds.', 'https://zoo.sandiegozoo.org/sites/default/files/styles/landing_page_view_thumbnail/public/teaser_image/zebra_thumb.jpg?h=0894a192&itok=E5XrzyaL', 'Zebra', 1);

insert into zoo_architect.users (id, email, password, username)
values  (1, 'alex@ander.com', '$2a$10$YwJjbrl07O3KE.hudi0sQOyteKvnltZQ20z0kZJyHEiy8/QcJbImW', 'Alexander');

insert into zoo_architect.users_roles (user_id, role_id)
values  (1, 1),
        (1, 2);

insert into zoo_architect.zoos (id, description, imageurl, name, owner_id)
values  (1, 'San Diego Zoo Wildlife Alliance is an international, nonprofit conservation organization with two front doors. We integrate wildlife health and care, science, and education to develop sustainable conservation solutions. Conservation is at the heart of everything we do. And it starts with that connection we make with people and wildlife every day. Because when wildlife thrives, all life thrives.', 'https://blairbirding.com/wp-content/uploads/2017/02/sandiegozoo.jpg', 'San Diego Zoo', 1);

insert into zoo_architect.zoos_animals (zoo_id, animals_id)
values  (1, 4),
        (1, 6),
        (1, 7),
        (1, 14),
        (1, 24),
        (1, 31),
        (1, 37),
        (1, 38),
        (1, 45),
        (1, 46);